project,number of authors,number of commits,min time,max time,number of stars,number of forks,last commit date,LongestGapStart,LongestGapEnd,LongestGapLength,NumberOfGapsInTimeline,NumCommitsAfterLastGap,Activity Pattern,BeforeThemes,AfterThemes,HypothesizedGapReason,HasRecovered,WhyRecovered,WhoRecovered,Currentstatus,RecentThemes,Notes
intelowlproject_intelowl,189.0,11029.0,2019-12-31 15:21:31,2025-11-05 07:25:57,681.0,4700.0,2026-09-02,,,0.0,0.0,0.0,U-shaped,N/A,N/A,N/A Active Project,N/A,N/A,N/A,Active,Dependency Updates:Bug Fixes,
intellistream_alliancedb,35.0,1008.0,2019-09-07 06:31:55,2025-03-19 02:10:44,16.0,8.0,2026-07-23,2021-11,2022-02,4.0,2.0,213.0,declining,Documentation Updates:Feature Development,Documentation Updates:Publications,"It looks like the gap exists because the project is essentially done, but the README keeps getting updates and there are new publications being made with this data.","It has not 'recovered' because all the changes made are superficial.","To update documentation according to current work.","QixinZhang26, longtime contributor",Active,Documentation Updates,
yesint_pteros,9.0,1490.0,2012-09-03 09:41:30,2025-04-21 12:29:18,38.0,8.0,2025-04-21,2023-10,2024-04,7.0,4.0,5.0,irregular,Dependency Updates:Feature Development,Bug Fixes:Documentation Updates,"I'm guessing that this gap also exists simply because of a lack of things to do or fix, as the commits after the gap are all bug fixes or random updates.","Also has not recovered as there is nothing to do until new bugs turn up.",Obscure bug fix,"yesint, repo owner",Inactive,BugFixes,
cvnlab_analyzeprf,5.0,108.0,2014-05-01 19:09:07,2025-05-21 14:56:47,23.0,14.0,2025-05-21,2023-04,2025-02,23.0,8.0,2.0,irregular,Bug Fixes:Documentation Updates,Bug Fixes:Other (refactoring),"Once again, I feel that this gap is only here because for a long time the project was considered finished, and only after two years did the project encounter some bugs that needed to be fixed.",No,Bug fixes,"Kendrick Kay, repo owner",Inactive,Bug Fixes,
simonfuhrmann_mve,77.0,1969.0,2012-04-27 17:56:34,2025-11-03 22:29:02,1100.0,420.0,2026-05-31,2022-05,2024-04,24.0,4.0,31.0,declining,Bug Fixes:Other ([ci] travis),Documentation Updates:Bug Fixes,"My hypothesis is that the gap exists because the creator (simonfuhrmann) lost interest in the project, but then regained interest after another user joined on to help (andre-shulz), as all commits prior are by simon and after there is a mix between andre and simon.",Yes,Feature implementation,"andre-shulz, new contributor; simonfuhrmann, original creator",Active,Other (removal of deprecated/obsolete dependencies),
great-expectations_great_expectations,978.0,99418.0,2017-06-06 23:53:17,2026-04-17 20:59:03,11800.0,1900.0,2026-09-28,,,0.0,0.0,0.0,U-shaped,N/A,N/A,N/A Active Project,N/A,N/A,N/A,Active,Bug Fixes:Maintenance,
google_grr,134.0,3254.0,2011-08-21 08:24:37,2025-06-05 15:46:18,5100.0,795.0,2026-09-25,2011-09,2012-02,6.0,3.0,3241.0,cyclical,Other (initial setup):N/A,Documentation Updates:Release,"My guess as to the reason for this gap is that there was work developing this software locally until it was more or less in a ready state, as the next commit we see is a periodic sync, and then a lot of documentation updates.",Yes,Launch of the software,"scudette, darrenbilby, and parkisan, all new contributors",Active,Bug Fixes,
projectcypress_cypress,123.0,8605.0,2011-05-03 18:39:09,2025-10-17 16:11:17,89.0,53.0,2026-09-21,,,0.0,0.0,7261.0,irregular,N/A,N/A,N/A Active Project,N/A,N/A,N/A,Active,Bug Fixes:Feature Development,
hyperhdg_hyperhdg,15.0,2134.0,2019-11-05 21:40:24,2025-11-04 13:23:50,5.0,0.0,2026-08-24,2023-01,2023-12,12.0,4.0,314.0,declining,Documentation Updates:Other (build/config),Feature Implementation:Other (testing),"It sounds like this project was left because it was finished, then revisited so it could be updated for a new manuscript, as the commits after the gap are more sparse and the first commit back is 'Updating and formatting for manuscript'",No,Documentation Updates,"AndreasRupp, original high volume contributor",Inactive,Documentation Updates,
mit-spark_teaser-plusplus,40.0,426.0,2019-06-29 21:33:20,2025-08-08 06:12:53,2300.0,414.0,2025-12-09,2019-07,2019-12,6.0,6.0,425.0,irregular,Other (inital setup):N/A,Release:Documentation Updates,"This is another circumstance where the gap was likely due to an initial commit happening, then local work being done on the local system, until the complete software was uploaded as a V1 release",Yes,Release,"jingnanshi, original committer",Inactive,bug fixes and documentation updates,

Interpretation,,,,,,,,,,,,,,,
IntelOwl - overall U-shaped with generally steady commits peaking around 2023-2024 and declining afterwards.,,,,,,,,,,,,,,,
Intellistream - declining trend with most of its activity happening before 2021.,,,,,,,,,,,,,,,
Yesint Pteros - irregular pattern that suddenly declined to almost no activity after June 2023.,,,,,,,,,,,,,,,
CVNLab AnalyzePRF - almost no/mostly irregular activity with one sharp spike in August 2019.,,,,,,,,,,,,,,,
Simon Fuhrmann MVE - declining trend with irregular small spikes in activity.,,,,,,,,,,,,,,,
Great Expectations - overall U-shaped with steady increasing and decreasing commits and no significant gaps.,,,,,,,,,,,,,,,
Google GRR - semi-cyclical pattern with small bursts and one large spike from March to November in 2020.,,,,,,,,,,,,,,,
Project Cypress - irregular activity with no discernable pattern.,,,,,,,,,,,,,,,
HyperHDG - declining trend but possibly turning into a U-shaped with a recent increase in activity.,,,,,,,,,,,,,,,
MIT SPARK Teaser++ - irregular pattern with many gaps throughout its timeline and a spike in activity at the beginning - initial activity not consistent enough to be considered declining,,,,,,,,,,,,,,,
