Month,Commits
2019-09,15.0
2019-10,14.0
2019-11,75.0
2019-12,33.0
2020-01,98.0
2020-02,77.0
2020-03,51.0
2020-04,35.0
2020-05,58.0
2020-06,12.0
2020-07,8.0
2020-08,5.0
2020-09,130.0
2020-10,68.0
2020-11,91.0
2020-12,5.0
2021-01,0.0
2021-02,0.0
2021-03,3.0
2021-04,0.0
2021-05,4.0
2021-06,0.0
2021-07,0.0
2021-08,11.0
2021-09,1.0
2021-10,1.0
2021-11,0.0
2021-12,0.0
2022-01,0.0
2022-02,0.0
2022-03,85.0
2022-04,14.0
2022-05,3.0
2022-06,0.0
2022-07,2.0
2022-08,15.0
2022-09,0.0
2022-10,0.0
2022-11,1.0
2022-12,20.0
2023-01,5.0
2023-02,27.0
2023-03,8.0
2023-04,0.0
2023-05,0.0
2023-06,4.0
2023-07,0.0
2023-08,0.0
2023-09,2.0
2023-10,0.0
2023-11,0.0
2023-12,8.0
2024-01,0.0
2024-02,0.0
2024-03,1.0
2024-04,0.0
2024-05,1.0
2024-06,1.0
2024-07,2.0
2024-08,0.0
2024-09,3.0
2024-10,0.0
2024-11,10.0
2024-12,0.0
2025-01,0.0
2025-02,0.0
2025-03,1.0
